Date,USD/EUR,AUD/EUR,GBP/EUR,CHF/EUR
1999-01-04,1.1723,1.8749,0.70923,1.6142
1999-01-11,1.1622,1.8317,0.7059,1.6005
1999-01-18,1.1588,1.8209,0.7011,1.6008
1999-01-25,1.1498,1.8274,0.69542,1.6064
1999-02-01,1.1313,1.7613,0.68992,1.6019
1999-02-08,1.1295,1.7447,0.6929,1.5988
1999-02-15,1.1212,1.7552,0.68662,1.5972
1999-02-22,1.1009,1.7446,0.68458,1.5935
1999-03-01,1.0894,1.7507,0.67624,1.5913
1999-03-08,1.0909,1.722,0.67312,1.5965
1999-03-15,1.0949,1.7393,0.67308,1.5991
1999-03-22,1.088,1.7082,0.66708,1.5946
1999-03-29,1.0738,1.6977,0.66652,1.5962
1999-04-05,1.0777,1.7144,0.67376,1.5959
1999-04-12,1.0775,1.6886,0.66752,1.6035
1999-04-19,1.0617,1.6334,0.65872,1.6018
1999-04-26,1.0622,1.6261,0.65788,1.6069
1999-05-03,1.0681,1.6081,0.65774,1.6082
1999-05-10,1.0682,1.5977,0.65922,1.6048
1999-05-17,1.0644,1.6011,0.65866,1.6023
1999-05-24,1.054,1.6109,0.65856,1.5963
1999-05-31,1.0394,1.6051,0.64684,1.5918
1999-06-07,1.0423,1.5752,0.6494,1.592
1999-06-14,1.038,1.577,0.64942,1.5956
1999-06-21,1.0339,1.5752,0.65252,1.5972
1999-06-28,1.0317,1.5567,0.65342,1.6029
1999-07-05,1.0212,1.5338,0.65378,1.6045
1999-07-12,1.0176,1.5398,0.6522,1.6052
1999-07-19,1.0403,1.6002,0.66116,1.6057
1999-07-26,1.066,1.6458,0.66714,1.6001
1999-08-02,1.072,1.6394,0.66252,1.5993
1999-08-09,1.0683,1.643,0.66352,1.6011
1999-08-16,1.0556,1.6418,0.65742,1.6004
1999-08-23,1.0491,1.6528,0.6578,1.6005
1999-08-30,1.0597,1.6566,0.6605,1.5996
1999-09-06,1.0577,1.6323,0.6539,1.5997
1999-09-13,1.0368,1.5925,0.64352,1.6043
1999-09-20,1.0442,1.6121,0.6396,1.6032
1999-09-27,1.0571,1.6157,0.64186,1.5999
1999-10-04,1.0706,1.6202,0.64708,1.5927
1999-10-11,1.0741,1.6446,0.64838,1.5916
1999-10-18,1.0804,1.6676,0.6463,1.5916
1999-10-25,1.0571,1.6352,0.64092,1.6003
1999-11-01,1.0496,1.6418,0.63884,1.6084
1999-11-08,1.0389,1.6222,0.64074,1.6086
1999-11-15,1.0341,1.6115,0.6378,1.6034
1999-11-22,1.0227,1.6086,0.63306,1.6009
1999-11-29,1.0067,1.5856,0.62946,1.6005
1999-12-06,1.0195,1.6016,0.62828,1.5991
1999-12-13,1.0092,1.5817,0.62534,1.6016
1999-12-20,1.0097,1.5693,0.62682,1.6008
1999-12-27,1.0085,1.5592,0.62398,1.6053
2000-01-03,1.0287,1.5672,0.6286,1.6061
2000-01-10,1.0259,1.5537,0.62458,1.6104
2000-01-17,1.0096,1.5211,0.61532,1.6127
2000-01-24,0.99756,1.5264,0.60758,1.6121
2000-01-31,0.97602,1.5386,0.60798,1.6086
2000-02-07,0.98546,1.5526,0.61494,1.6069
2000-02-14,0.9845,1.5607,0.61582,1.6047
2000-02-21,0.99316,1.5964,0.61964,1.6078
2000-02-28,0.96808,1.5868,0.61172,1.6067
2000-03-06,0.9601,1.5784,0.60862,1.6071
2000-03-13,0.96636,1.5764,0.6142,1.6115
2000-03-20,0.9678,1.5951,0.61442,1.6064
2000-03-27,0.9607,1.5739,0.60404,1.5905
2000-04-03,0.95928,1.5902,0.60362,1.5777
2000-04-10,0.95674,1.6023,0.60344,1.5734
2000-04-17,0.94768,1.5952,0.59865,1.5718
2000-04-24,0.91858,1.5593,0.5836,1.5721
2000-05-01,0.899,1.5256,0.57985,1.5487
2000-05-08,0.9029,1.5557,0.5937,1.5533
2000-05-15,0.89902,1.5754,0.60208,1.5523
2000-05-22,0.90666,1.5857,0.6135,1.5603
2000-05-29,0.93218,1.624,0.6233,1.5716
2000-06-05,0.9526,1.6236,0.62878,1.5695
2000-06-12,0.9567,1.5962,0.6336,1.5632
2000-06-19,0.94932,1.5813,0.63,1.5538
2000-06-26,0.94406,1.5725,0.62658,1.5515
2000-07-03,0.95084,1.6012,0.62906,1.5511
2000-07-10,0.94484,1.6022,0.62602,1.5502
2000-07-17,0.93008,1.5969,0.62034,1.5488
2000-07-24,0.93594,1.5907,0.61778,1.5526
2000-07-31,0.91416,1.5732,0.61144,1.5455
2000-08-07,0.90534,1.5542,0.6017,1.5467
2000-08-14,0.90936,1.5498,0.6058,1.5595
2000-08-21,0.89892,1.5555,0.6065,1.5535
2000-08-28,0.89378,1.562,0.61348,1.5473
2000-09-04,0.8823,1.5608,0.61072,1.5492
2000-09-11,0.8637,1.5571,0.61246,1.5269
2000-09-18,0.85914,1.5765,0.60472,1.5195
2000-09-25,0.8797,1.6097,0.60186,1.5232
2000-10-02,0.87568,1.625,0.60082,1.5208
2000-10-09,0.86822,1.6287,0.5951,1.5139
2000-10-16,0.8479,1.6218,0.58646,1.5086
2000-10-23,0.83292,1.592,0.57824,1.5051
2000-10-30,0.85658,1.6347,0.59004,1.5262
2000-11-06,0.86034,1.6334,0.60174,1.5221
2000-11-13,0.85806,1.6494,0.60118,1.5231
2000-11-20,0.84508,1.6341,0.59752,1.5221
2000-11-27,0.86072,1.6345,0.60554,1.5133
2000-12-04,0.88768,1.6275,0.6142,1.5131
2000-12-11,0.88314,1.6281,0.60542,1.5062
2000-12-18,0.90628,1.6536,0.61482,1.5149
2000-12-25,0.93,1.6754,0.62443,1.525
2001-01-01,0.9489,1.6812,0.63288,1.5236
2001-01-08,0.94756,1.6882,0.63416,1.5296
2001-01-15,0.9408,1.692,0.63852,1.5347
2001-01-22,0.9273,1.6902,0.63476,1.5301
2001-01-29,0.92992,1.6952,0.63408,1.5288
2001-02-05,0.93038,1.7048,0.63748,1.5364
2001-02-12,0.91888,1.7292,0.63286,1.5356
2001-02-19,0.91098,1.7357,0.63056,1.5345
2001-02-26,0.92296,1.7524,0.63534,1.5382
2001-03-05,0.9312,1.8088,0.63458,1.5394
2001-03-12,0.91334,1.8279,0.63034,1.538
2001-03-19,0.89634,1.8071,0.62826,1.5322
2001-03-26,0.88838,1.8018,0.6201,1.5306
2001-04-02,0.89218,1.8313,0.62456,1.5273
2001-04-09,0.8913,1.7843,0.61985,1.5244
2001-04-16,0.88462,1.7485,0.61735,1.5278
2001-04-23,0.89916,1.7749,0.62418,1.5325
2001-04-30,0.89062,1.7217,0.6217,1.5409
2001-05-07,0.8847,1.6973,0.62004,1.5402
2001-05-14,0.87878,1.6833,0.61704,1.5329
2001-05-21,0.86438,1.6588,0.60636,1.5289
2001-05-28,0.85304,1.6635,0.6011,1.524
2001-06-04,0.8491,1.6504,0.60682,1.5199
2001-06-11,0.85328,1.6231,0.6151,1.5248
2001-06-18,0.85474,1.6463,0.60934,1.5242
2001-06-25,0.85662,1.6642,0.60658,1.5214
2001-07-02,0.84422,1.6433,0.60022,1.5215
2001-07-09,0.85384,1.6811,0.60612,1.5177
2001-07-16,0.86456,1.6915,0.61218,1.5089
2001-07-23,0.87418,1.7236,0.6136,1.5072
2001-07-30,0.87834,1.7151,0.61488,1.5098
2001-08-06,0.8825,1.711,0.6215,1.5074
2001-08-13,0.9071,1.7296,0.63246,1.5171
2001-08-20,0.91426,1.7133,0.63166,1.5188
2001-08-27,0.91014,1.7208,0.62798,1.5173
2001-09-03,0.8948,1.7142,0.617,1.5128
2001-09-10,0.90684,1.7621,0.6184,1.5069
2001-09-17,0.92484,1.8743,0.63104,1.474
2001-09-24,0.9179,1.8636,0.6252,1.4714
2001-10-01,0.91628,1.8404,0.62046,1.4835
2001-10-08,0.9129,1.8166,0.62588,1.4816
2001-10-15,0.90412,1.7703,0.62548,1.4796
2001-10-22,0.89146,1.7604,0.62518,1.4774
2001-10-29,0.90528,1.7847,0.62088,1.4718
2001-11-05,0.89676,1.748,0.61482,1.4696
2001-11-12,0.88468,1.6989,0.61421,1.4675
2001-11-19,0.87962,1.6961,0.62074,1.4603
2001-11-26,0.88444,1.6997,0.6233,1.465
2001-12-03,0.89092,1.7235,0.62601,1.4747
2001-12-10,0.89374,1.7282,0.62082,1.4761
2001-12-17,0.8992,1.754,0.61956,1.4713
2001-12-24,0.88113,1.7328,0.61007,1.4795
2001-12-31,0.90093,1.7468,0.62443,1.4826
2002-01-07,0.89126,1.7089,0.61829,1.4768
2002-01-14,0.8859,1.7165,0.61484,1.4729
2002-01-21,0.87912,1.6976,0.61676,1.4704
2002-01-28,0.86226,1.6886,0.61046,1.4738
2002-02-04,0.8679,1.7037,0.61332,1.4741
2002-02-11,0.87352,1.7048,0.61204,1.4793
2002-02-18,0.87196,1.6886,0.6107,1.4798
2002-02-25,0.8677,1.6852,0.61041,1.4764
2002-03-04,0.87208,1.6714,0.61316,1.4748
2002-03-11,0.87728,1.6833,0.61888,1.4669
2002-03-18,0.88094,1.6685,0.618,1.4634
2002-03-25,0.87415,1.6489,0.61355,1.4637
2002-04-01,0.87982,1.6534,0.61235,1.4632
2002-04-08,0.87872,1.6532,0.61232,1.466
2002-04-15,0.88532,1.6525,0.61392,1.4687
2002-04-22,0.89172,1.6482,0.6155,1.466
2002-04-29,0.90402,1.679,0.61862,1.4592
2002-05-06,0.91072,1.683,0.62294,1.4562
2002-05-13,0.90972,1.6606,0.62488,1.4557
2002-05-20,0.92152,1.661,0.63226,1.4541
2002-05-27,0.93054,1.6525,0.6367,1.4635
2002-06-03,0.93914,1.6413,0.6437,1.4703
2002-06-10,0.94446,1.6618,0.64316,1.4753
2002-06-17,0.95398,1.6863,0.64106,1.4732
2002-06-24,0.98418,1.7276,0.64828,1.4697
2002-07-01,0.98092,1.7563,0.64296,1.4657
2002-07-08,0.9873,1.7539,0.64008,1.4696
2002-07-15,1.0084,1.8106,0.64282,1.4661
2002-07-22,0.99866,1.8402,0.63536,1.4524
2002-07-29,0.98144,1.811,0.62818,1.4533
2002-08-05,0.97278,1.8238,0.63154,1.4578
2002-08-12,0.98076,1.814,0.6391,1.4626
2002-08-19,0.9764,1.7957,0.63962,1.4695
2002-08-26,0.97954,1.7785,0.63822,1.47
2002-09-02,0.99142,1.8125,0.63479,1.4646
2002-09-09,0.9774,1.779,0.62784,1.4628
2002-09-16,0.97322,1.7767,0.6308,1.4686
2002-09-23,0.9801,1.799,0.62914,1.4643
2002-09-30,0.98622,1.8111,0.62874,1.4601
2002-10-07,0.98308,1.7923,0.62974,1.4644
2002-10-14,0.98008,1.7873,0.62999,1.4665
2002-10-21,0.97584,1.7608,0.63018,1.4677
2002-10-28,0.98456,1.771,0.63234,1.4645
2002-11-04,1.0009,1.7783,0.63912,1.4631
2002-11-11,1.008,1.795,0.63576,1.4639
2002-11-18,1.0053,1.7886,0.63604,1.4687
2002-11-25,0.99206,1.7756,0.63748,1.4748
2002-12-02,0.99706,1.7798,0.63728,1.4732
2002-12-09,1.013,1.7964,0.64194,1.475
2002-12-16,1.0257,1.8128,0.64152,1.4684
2002-12-23,1.0318,1.8333,0.64643,1.4562
2002-12-30,1.0437,1.8516,0.65062,1.4539
2003-01-06,1.046,1.817,0.651,1.4583
2003-01-13,1.0574,1.8058,0.6582,1.4619
2003-01-20,1.0713,1.8178,0.663,1.4629
2003-01-27,1.0822,1.8356,0.65868,1.4685
2003-02-03,1.0813,1.8357,0.65902,1.4671
2003-02-10,1.0759,1.8188,0.66358,1.4676
2003-02-17,1.075,1.8108,0.67357,1.4706
2003-02-24,1.077,1.7795,0.68292,1.4642
2003-03-03,1.0937,1.7795,0.68652,1.462
2003-03-10,1.0958,1.8192,0.68392,1.4678
2003-03-17,1.0624,1.7912,0.6783,1.4714
2003-03-24,1.0689,1.7874,0.68004,1.4754
2003-03-31,1.0808,1.7985,0.68756,1.4816
2003-04-07,1.0705,1.7798,0.68688,1.4906
2003-04-14,1.0819,1.7792,0.68695,1.4996
2003-04-21,1.0974,1.7736,0.69312,1.505
2003-04-28,1.1088,1.7777,0.69432,1.5087
2003-05-05,1.1378,1.7799,0.70872,1.5108
2003-05-12,1.1513,1.7798,0.71234,1.5121
2003-05-19,1.1699,1.7799,0.71484,1.5135
2003-05-26,1.1806,1.8079,0.71966,1.5269
2003-06-02,1.1735,1.7759,0.71468,1.5378
2003-06-09,1.1732,1.774,0.70539,1.5425
2003-06-16,1.1732,1.7525,0.69924,1.545
2003-06-23,1.15,1.7272,0.69146,1.5366
2003-06-30,1.1486,1.6989,0.69186,1.5532
2003-07-07,1.134,1.7074,0.693,1.5494
2003-07-14,1.1238,1.7169,0.70182,1.5442
2003-07-21,1.1394,1.7356,0.71016,1.5447
2003-07-28,1.1372,1.7334,0.7031,1.5445
2003-08-04,1.1342,1.7487,0.70414,1.5354
2003-08-11,1.128,1.7179,0.70402,1.5437
2003-08-18,1.1053,1.6855,0.69722,1.5443
2003-08-25,1.0873,1.6905,0.69199,1.5385
2003-09-01,1.0868,1.6955,0.69216,1.5366
2003-09-08,1.1153,1.7022,0.70172,1.5483
2003-09-15,1.1266,1.6928,0.70058,1.5564
2003-09-22,1.1476,1.6927,0.69368,1.5506
2003-09-29,1.1623,1.7094,0.69962,1.5415
2003-10-06,1.1741,1.7043,0.70504,1.549
2003-10-13,1.1637,1.6915,0.69874,1.5483
2003-10-20,1.1703,1.6787,0.69519,1.5506
2003-10-27,1.1693,1.6573,0.68885,1.5501
2003-11-03,1.1481,1.6238,0.68432,1.5638
2003-11-10,1.1605,1.62,0.692,1.5694
2003-11-17,1.186,1.6455,0.69903,1.5522
2003-11-24,1.1863,1.6456,0.69576,1.5507
2003-12-01,1.2051,1.6463,0.69896,1.5556
2003-12-08,1.2231,1.651,0.70186,1.5484
2003-12-15,1.2345,1.6685,0.70299,1.554
2003-12-22,1.2411,1.6842,0.70322,1.5589
2003-12-29,1.2554,1.6757,0.70446,1.5594
2004-01-05,1.2693,1.6486,0.69783,1.566
2004-01-12,1.2679,1.6359,0.69047,1.5634
2004-01-19,1.2584,1.6341,0.6904,1.5689
2004-01-26,1.2501,1.6251,0.68722,1.5652
2004-02-02,1.2536,1.643,0.68349,1.5687
2004-02-09,1.2755,1.628,0.6798,1.5734
2004-02-16,1.2762,1.6114,0.67366,1.5758
2004-02-23,1.2532,1.6214,0.67064,1.5758
2004-03-01,1.2274,1.6168,0.66706,1.58
2004-03-08,1.2301,1.6465,0.67522,1.5749
2004-03-15,1.2297,1.6596,0.67645,1.5644
2004-03-22,1.2226,1.6368,0.6687,1.5539
2004-03-29,1.2233,1.6147,0.66686,1.5599
2004-04-05,1.2086,1.5928,0.66012,1.5608
2004-04-12,1.1936,1.6048,0.66352,1.5509
2004-04-19,1.1913,1.6189,0.66801,1.5548
2004-04-26,1.1884,1.6352,0.66779,1.55
2004-05-03,1.2066,1.6646,0.6746,1.5501
2004-05-10,1.1826,1.7095,0.67074,1.5407
2004-05-17,1.199,1.7273,0.67504,1.5364
2004-05-24,1.211,1.7117,0.66728,1.5353
2004-05-31,1.2227,1.7379,0.66498,1.5273
2004-06-07,1.2166,1.7436,0.6648,1.5183
2004-06-14,1.2039,1.751,0.65991,1.5165
2004-06-21,1.211,1.7507,0.66499,1.5132
2004-06-28,1.217,1.7419,0.66887,1.5235
2004-07-05,1.2335,1.7183,0.66851,1.5186
2004-07-12,1.2375,1.7065,0.66596,1.5234
2004-07-19,1.231,1.7049,0.66525,1.5308
2004-07-26,1.2086,1.7181,0.66185,1.5373
2004-08-02,1.2033,1.7136,0.66069,1.5386
2004-08-09,1.2247,1.7157,0.66877,1.5388
2004-08-16,1.2332,1.7161,0.67344,1.5358
2004-08-23,1.2131,1.7097,0.67292,1.5404
2004-08-30,1.2135,1.7335,0.67697,1.538
2004-09-06,1.212,1.7525,0.68083,1.5365
2004-09-13,1.2216,1.7485,0.68123,1.5442
2004-09-20,1.2255,1.7335,0.68282,1.5469
2004-09-27,1.2347,1.7189,0.68367,1.5506
2004-10-04,1.2301,1.6993,0.68946,1.5532
2004-10-11,1.2352,1.6946,0.6885,1.5462
2004-10-18,1.2557,1.713,0.6927,1.5378
2004-10-25,1.2763,1.7109,0.6952,1.5319
2004-11-01,1.2787,1.7005,0.69473,1.5317
2004-11-08,1.2923,1.6984,0.69854,1.5235
2004-11-15,1.2999,1.6717,0.7007,1.5201
2004-11-22,1.3144,1.67,0.70044,1.5142
2004-11-29,1.329,1.711,0.69366,1.5205
2004-12-06,1.3337,1.7493,0.691,1.532
2004-12-13,1.3327,1.7511,0.68941,1.5337
2004-12-20,1.3431,1.752,0.69667,1.5424
2004-12-27,1.3599,1.7499,0.70578,1.5444
2005-01-03,1.3296,1.732,0.705,1.5487
2005-01-10,1.3142,1.7273,0.70028,1.5479
2005-01-17,1.3025,1.7146,0.69721,1.5441
2005-01-24,1.3031,1.6911,0.69367,1.5467
2005-01-31,1.3016,1.6844,0.69075,1.5538
2005-02-07,1.28,1.6577,0.68761,1.558
2005-02-14,1.3021,1.6572,0.68949,1.5496
2005-02-21,1.3175,1.6706,0.69116,1.5407
2005-02-28,1.3167,1.6751,0.68779,1.5423
2005-03-07,1.3323,1.6815,0.69349,1.5509
2005-03-14,1.3357,1.6898,0.69579,1.5489
2005-03-21,1.3102,1.6763,0.6943,1.5534
2005-03-28,1.2948,1.6773,0.6882,1.5512
2005-04-04,1.2859,1.6771,0.68589,1.5517
2005-04-11,1.2913,1.6679,0.6837,1.5512
2005-04-18,1.3029,1.6866,0.68256,1.5446
2005-04-25,1.2946,1.6622,0.67884,1.5413
2005-05-02,1.2915,1.6594,0.68014,1.5438
2005-05-09,1.2793,1.6578,0.68237,1.5459
2005-05-16,1.2624,1.6679,0.68739,1.5443
2005-05-23,1.2561,1.652,0.68726,1.5469
2005-05-30,1.2317,1.6318,0.67771,1.5367
2005-06-06,1.227,1.6005,0.6718,1.533
2005-06-13,1.2107,1.5771,0.66739,1.54
2005-06-20,1.2112,1.5631,0.66472,1.5419
2005-06-27,1.2098,1.5856,0.66996,1.5473
2005-07-04,1.191,1.603,0.68074,1.551
2005-07-11,1.2099,1.6119,0.68774,1.5576
2005-07-18,1.2082,1.5979,0.69264,1.5621
2005-07-25,1.2047,1.5888,0.69085,1.5618
2005-08-01,1.229,1.6019,0.69225,1.5581
2005-08-08,1.2395,1.6161,0.68997,1.5558
2005-08-15,1.2276,1.6109,0.68006,1.5494
2005-08-22,1.2251,1.6187,0.68051,1.5507
2005-08-29,1.2319,1.6344,0.68248,1.547
2005-09-05,1.2461,1.6205,0.67678,1.5432
2005-09-12,1.2274,1.5942,0.67497,1.5473
2005-09-19,1.2172,1.5867,0.67569,1.5529
2005-09-26,1.2036,1.5869,0.68095,1.5568
2005-10-03,1.2005,1.579,0.68105,1.5499
2005-10-10,1.2019,1.5952,0.68631,1.5494
2005-10-17,1.1975,1.5981,0.68052,1.5517
2005-10-24,1.2058,1.6005,0.67853,1.5456
2005-10-31,1.1999,1.615,0.67785,1.5442
2005-11-07,1.1752,1.6044,0.67479,1.5409
2005-11-14,1.1686,1.6005,0.67679,1.5443
2005-11-21,1.1767,1.5978,0.68457,1.5485
2005-11-28,1.1746,1.5876,0.68184,1.5467
2005-12-05,1.1762,1.57,0.67628,1.5408
2005-12-12,1.197,1.5939,0.6762,1.5429
2005-12-19,1.1897,1.6183,0.68023,1.5534
2005-12-26,1.1848,1.6222,0.68571,1.5572
2006-01-02,1.1993,1.6179,0.6879,1.55
2006-01-09,1.2076,1.6056,0.68422,1.5461
2006-01-16,1.2091,1.6128,0.68606,1.5501
2006-01-23,1.2254,1.6267,0.68656,1.5493
2006-01-30,1.2084,1.6059,0.68129,1.5549
2006-02-06,1.1969,1.6144,0.68546,1.555
2006-02-13,1.1882,1.6103,0.68423,1.5584
2006-02-20,1.1913,1.6114,0.68237,1.5599
2006-02-27,1.1924,1.6053,0.68187,1.5637
2006-03-06,1.1937,1.6197,0.68587,1.5624
2006-03-13,1.203,1.6384,0.69065,1.5684
2006-03-20,1.2082,1.6872,0.69237,1.5745
2006-03-27,1.2064,1.7002,0.69237,1.5747
2006-04-03,1.2207,1.683,0.69873,1.5789
2006-04-10,1.2106,1.6598,0.69241,1.5741
2006-04-17,1.2315,1.6603,0.69192,1.5703
2006-04-24,1.2433,1.6593,0.69446,1.575
2006-05-01,1.2636,1.6476,0.68659,1.5619
2006-05-08,1.2772,1.6521,0.68348,1.5568
2006-05-15,1.2812,1.677,0.67985,1.5521
2006-05-22,1.2799,1.6951,0.68268,1.5536
2006-05-29,1.2803,1.6969,0.68553,1.5612
2006-06-05,1.2798,1.7154,0.68841,1.5601
2006-06-12,1.2593,1.6992,0.68271,1.5531
2006-06-19,1.2571,1.7093,0.685,1.5613
2006-06-26,1.2588,1.717,0.69087,1.565
2006-07-03,1.2778,1.7158,0.69366,1.5681
2006-07-10,1.2714,1.6899,0.6906,1.5644
2006-07-17,1.2575,1.6773,0.68457,1.5675
2006-07-24,1.2651,1.6684,0.68315,1.5741
2006-07-31,1.2779,1.6745,0.68082,1.5737
2006-08-07,1.284,1.6789,0.67442,1.5756
2006-08-14,1.2783,1.6763,0.67673,1.5802
2006-08-21,1.2827,1.681,0.67802,1.5796
2006-08-28,1.2819,1.6804,0.67419,1.5777
2006-09-04,1.278,1.6701,0.67753,1.5821
2006-09-11,1.2699,1.6864,0.67697,1.5861
2006-09-18,1.2709,1.6867,0.67307,1.5873
2006-09-25,1.2704,1.6942,0.67332,1.5818
2006-10-02,1.2698,1.7026,0.67508,1.5869
2006-10-09,1.2553,1.6804,0.67516,1.5919
2006-10-16,1.2552,1.6613,0.67103,1.5895
2006-10-23,1.2603,1.6569,0.67062,1.5915
2006-10-30,1.2739,1.6514,0.66857,1.5894
2006-11-06,1.2779,1.661,0.67094,1.5956
2006-11-13,1.2805,1.6736,0.67677,1.5974
2006-11-20,1.2914,1.6709,0.67598,1.5883
2006-11-27,1.3172,1.6808,0.67508,1.5882
2006-12-04,1.3297,1.6878,0.67536,1.5894
2006-12-11,1.3197,1.6829,0.67301,1.5952
2006-12-18,1.3165,1.68,0.67122,1.6023
2006-12-25,1.3167,1.6718,0.67117,1.6062
2007-01-01,1.3173,1.6679,0.6742,1.6116
2007-01-08,1.2978,1.6626,0.66812,1.6123
2007-01-15,1.2937,1.6464,0.6575,1.6154
2007-01-22,1.2972,1.6554,0.65726,1.6177
2007-01-29,1.2977,1.6781,0.66128,1.6203
2007-02-05,1.2973,1.6694,0.66164,1.6172
2007-02-12,1.3063,1.6743,0.66983,1.6244
2007-02-19,1.3132,1.6661,0.67242,1.6256
2007-02-26,1.3198,1.6738,0.67368,1.6146
2007-03-05,1.3125,1.6899,0.68101,1.6059
2007-03-12,1.3222,1.6802,0.68352,1.609
2007-03-19,1.3314,1.6581,0.67952,1.6147
2007-03-26,1.3326,1.6494,0.67879,1.6209
2007-04-02,1.3362,1.6386,0.67714,1.6276
2007-04-09,1.3461,1.6275,0.68018,1.6377
2007-04-16,1.3577,1.6276,0.67855,1.6392
2007-04-23,1.3605,1.6388,0.68054,1.6418
2007-04-30,1.3592,1.6484,0.6826,1.6484
2007-05-07,1.3544,1.6333,0.68089,1.6472
2007-05-14,1.3531,1.6347,0.68436,1.6531
2007-05-21,1.3455,1.6371,0.6796,1.6533
2007-05-28,1.3454,1.6352,0.67943,1.6497
2007-06-04,1.3469,1.603,0.67848,1.6478
2007-06-11,1.3321,1.5876,0.67618,1.6549
2007-06-18,1.3414,1.5865,0.67396,1.6608
2007-06-25,1.3466,1.5893,0.67315,1.654
2007-07-02,1.3609,1.5873,0.67561,1.6548
2007-07-09,1.3722,1.5903,0.67737,1.6565
2007-07-16,1.3791,1.5726,0.6737,1.6577
2007-07-23,1.3754,1.5642,0.67082,1.6614
2007-07-30,1.3677,1.6013,0.67409,1.6477
2007-08-06,1.3757,1.6117,0.67851,1.6403
2007-08-13,1.3515,1.6607,0.67777,1.6349
2007-08-20,1.3533,1.67,0.67879,1.6317
2007-08-27,1.3654,1.6612,0.67795,1.6405
2007-09-03,1.3633,1.6549,0.67631,1.6454
2007-09-10,1.3852,1.663,0.68355,1.6416
2007-09-17,1.396,1.6421,0.69685,1.6482
2007-09-24,1.4141,1.6179,0.69877,1.6547
2007-10-01,1.4167,1.5949,0.69463,1.6626
2007-10-08,1.4129,1.5714,0.69424,1.6721
2007-10-15,1.4233,1.59,0.69721,1.6745
2007-10-22,1.4269,1.589,0.69748,1.6699
2007-10-29,1.4429,1.5664,0.69619,1.6751
2007-11-05,1.4621,1.5788,0.69786,1.6604
2007-11-12,1.4635,1.6388,0.71013,1.643
2007-11-19,1.4778,1.6809,0.71802,1.6368
2007-11-26,1.4793,1.6793,0.71591,1.6441
2007-12-03,1.4666,1.6769,0.71734,1.6512
2007-12-10,1.4651,1.6671,0.71803,1.6638
2007-12-17,1.4385,1.6705,0.71823,1.6606
2007-12-24,1.4535,1.6627,0.73025,1.6638
2007-12-31,1.4722,1.672,0.7411,1.6476
2008-01-07,1.4712,1.6667,0.74884,1.6358
2008-01-14,1.4788,1.6647,0.75295,1.6183
2008-01-21,1.4584,1.6782,0.74449,1.5995
2008-01-28,1.4819,1.6638,0.74532,1.61
2008-02-04,1.4644,1.6303,0.74743,1.6079
2008-02-11,1.4593,1.6144,0.74477,1.6053
2008-02-18,1.4724,1.6034,0.75354,1.6135
2008-02-25,1.5005,1.607,0.75829,1.6058
2008-03-03,1.5268,1.6363,0.76572,1.5784
2008-03-10,1.5467,1.6601,0.765,1.5754
2008-03-17,1.5664,1.7001,0.7829,1.5606
2008-03-24,1.5715,1.7084,0.78571,1.5709
2008-03-31,1.567,1.7174,0.78836,1.5801
2008-04-07,1.5764,1.6986,0.79745,1.5862
2008-04-14,1.5855,1.7033,0.8004,1.5924
2008-04-21,1.5827,1.6782,0.7976,1.6105
2008-04-28,1.5549,1.6636,0.7857,1.618
2008-05-05,1.5445,1.6392,0.78816,1.6235
2008-05-12,1.5463,1.644,0.79416,1.6288
2008-05-19,1.5693,1.6348,0.79678,1.624
2008-05-26,1.5647,1.6311,0.79186,1.6227
2008-06-02,1.5516,1.6209,0.79191,1.6132
2008-06-09,1.5516,1.6403,0.79235,1.6105
2008-06-16,1.5504,1.6413,0.79019,1.6164
2008-06-23,1.5633,1.6342,0.7915,1.6173
2008-06-30,1.578,1.6423,0.79367,1.6086
2008-07-07,1.5719,1.6424,0.79641,1.6178
2008-07-14,1.5878,1.6291,0.79431,1.6138
2008-07-21,1.5786,1.6326,0.79063,1.6244
2008-07-28,1.5645,1.6519,0.78915,1.6316
2008-08-04,1.5415,1.6876,0.79064,1.6302
2008-08-11,1.4892,1.7012,0.78925,1.6201
2008-08-18,1.4747,1.6945,0.79199,1.6171
2008-08-25,1.4728,1.7073,0.80026,1.6151
2008-09-01,1.4463,1.7362,0.81204,1.6027
2008-09-08,1.409,1.7448,0.8005,1.5966
2008-09-15,1.4276,1.7775,0.79366,1.5892
2008-09-22,1.4666,1.7532,0.79323,1.5938
2008-09-29,1.4094,1.7698,0.78977,1.5765
2008-10-06,1.3652,1.9413,0.78369,1.5448
2008-10-13,1.3585,1.9718,0.78007,1.5375
2008-10-20,1.2971,1.9518,0.78692,1.5002
2008-10-27,1.271,1.9711,0.79552,1.4628
2008-11-03,1.2808,1.8827,0.80487,1.4959
2008-11-10,1.2674,1.9112,0.83166,1.4999
2008-11-17,1.2618,1.9739,0.84265,1.5241
2008-11-24,1.2829,1.9847,0.84335,1.5448
2008-12-01,1.2643,1.9681,0.85449,1.5324
2008-12-08,1.3034,1.9764,0.87774,1.5651
2008-12-15,1.3963,2.0459,0.91823,1.5612
2008-12-22,1.3984,2.0458,0.94548,1.5195
2008-12-29,1.4038,2.0297,0.96656,1.4904
2009-01-05,1.3562,1.9095,0.90916,1.5005
2009-01-12,1.3237,1.971,0.9002,1.4842
2009-01-19,1.296,1.9772,0.93144,1.4875
2009-01-26,1.307,1.9906,0.92341,1.5029
2009-02-02,1.281,1.9923,0.88899,1.4919
2009-02-09,1.2914,1.953,0.88705,1.4982
2009-02-16,1.2658,1.9688,0.8855,1.4866
2009-02-23,1.2756,1.9752,0.8861,1.485
2009-03-02,1.2596,1.9683,0.89191,1.4764
2009-03-09,1.2764,1.9751,0.92252,1.4939
2009-03-16,1.3267,1.972,0.93323,1.5351
2009-03-23,1.3492,1.9341,0.92688,1.5251
2009-03-30,1.3313,1.9059,0.92054,1.5183
2009-04-06,1.3314,1.8727,0.9035,1.5212
2009-04-13,1.3176,1.8253,0.8855,1.5149
2009-04-20,1.3025,1.8394,0.89384,1.5128
2009-04-27,1.3164,1.8372,0.8958,1.5062
2009-05-04,1.3347,1.7848,0.88742,1.5121
2009-05-11,1.3592,1.7923,0.89608,1.5055
2009-05-18,1.3708,1.7737,0.88032,1.5155
2009-05-25,1.3955,1.7814,0.87396,1.514
2009-06-01,1.4187,1.7549,0.8682,1.5154
2009-06-08,1.398,1.7402,0.85938,1.514
2009-06-15,1.3886,1.739,0.84971,1.5078
2009-06-22,1.398,1.7535,0.85204,1.5175
2009-06-29,1.4069,1.7474,0.8541,1.5246
2009-07-06,1.3942,1.7718,0.86171,1.516
2009-07-13,1.4055,1.7691,0.86147,1.5164
2009-07-20,1.4217,1.7438,0.86378,1.5194
2009-07-27,1.4159,1.7158,0.85932,1.5272
2009-08-03,1.4365,1.7089,0.85074,1.5285
2009-08-10,1.4225,1.6986,0.85837,1.5303
2009-08-17,1.4172,1.7177,0.86196,1.518
2009-08-24,1.431,1.7069,0.87581,1.519
2009-08-31,1.4281,1.7049,0.87693,1.5158
2009-09-07,1.4493,1.6845,0.87522,1.516
2009-09-14,1.4652,1.6923,0.88928,1.5165
2009-09-21,1.4732,1.6935,0.90802,1.5138
2009-09-28,1.4584,1.6714,0.91436,1.5118
2009-10-05,1.4709,1.6487,0.92218,1.5145
2009-10-12,1.4849,1.6277,0.92616,1.5165
2009-10-19,1.4966,1.6194,0.90972,1.5122
2009-10-26,1.4853,1.6266,0.90482,1.5123
2009-11-02,1.4784,1.6309,0.89736,1.5111
2009-11-09,1.4955,1.61,0.89768,1.5105
2009-11-16,1.4895,1.6109,0.89272,1.5115
2009-11-23,1.5002,1.6329,0.90541,1.5095
2009-11-30,1.5075,1.6321,0.90793,1.5074
2009-12-07,1.4763,1.6178,0.90522,1.5117
2009-12-14,1.4486,1.613,0.8926,1.5076
2009-12-21,1.433,1.6258,0.89509,1.4926
2009-12-28,1.4396,1.6084,0.89906,1.4871
2010-01-04,1.4352,1.571,0.89669,1.484
2010-01-11,1.4486,1.5626,0.89245,1.4769
2010-01-18,1.4196,1.5528,0.87386,1.474
2010-01-25,1.4055,1.5632,0.8692,1.4712
2010-02-01,1.3874,1.5774,0.87423,1.4714
2010-02-08,1.3693,1.5601,0.87658,1.466
2010-02-15,1.3614,1.5202,0.87116,1.4665
2010-02-22,1.3562,1.516,0.8822,1.4646
2010-03-01,1.3593,1.5081,0.90525,1.4633
2010-03-08,1.365,1.4934,0.90742,1.4618
2010-03-15,1.3678,1.4895,0.90042,1.448
2010-03-22,1.3407,1.4722,0.89778,1.4303
2010-03-29,1.3475,1.4702,0.89184,1.4275
2010-04-05,1.3354,1.4426,0.87706,1.4334
2010-04-12,1.3572,1.4579,0.87991,1.4362
2010-04-19,1.3388,1.4469,0.87201,1.4338
2010-04-26,1.3285,1.4328,0.86768,1.4345
2010-05-03,1.2945,1.425,0.85947,1.4251
2010-05-10,1.2686,1.4135,0.85663,1.4087
2010-05-17,1.2376,1.455,0.86143,1.4134
2010-05-24,1.2306,1.4782,0.85275,1.4242
2010-05-31,1.2202,1.4529,0.83599,1.4132
2010-06-07,1.2017,1.4455,0.82661,1.3829
2010-06-14,1.2304,1.4262,0.83285,1.3864
2010-06-21,1.2295,1.4101,0.82662,1.3612
2010-06-28,1.2337,1.4478,0.81904,1.3296
2010-07-05,1.2595,1.469,0.8321,1.3332
2010-07-12,1.2734,1.4491,0.83668,1.3415
2010-07-19,1.2873,1.461,0.84304,1.3505
2010-07-26,1.3011,1.4462,0.8356,1.3662
2010-08-02,1.3172,1.4421,0.82872,1.375
2010-08-09,1.2998,1.4379,0.82704,1.3668
2010-08-16,1.2821,1.4295,0.82141,1.3333
2010-08-23,1.2667,1.4294,0.81855,1.3068
2010-08-30,1.2766,1.416,0.82766,1.2991
2010-09-06,1.2751,1.387,0.82822,1.2938
2010-09-13,1.2956,1.3839,0.83479,1.3071
2010-09-20,1.3259,1.3953,0.8486,1.3167
2010-09-27,1.3584,1.4044,0.85792,1.3307
2010-10-04,1.3837,1.4219,0.87093,1.3374
2010-10-11,1.3983,1.4129,0.87722,1.3374
2010-10-18,1.3913,1.4161,0.88296,1.3429
2010-10-25,1.3892,1.4157,0.87615,1.3638
2010-11-01,1.4057,1.4019,0.87114,1.3722
2010-11-08,1.3809,1.3756,0.85634,1.3379
2010-11-15,1.3608,1.3842,0.85105,1.3469
2010-11-22,1.3406,1.371,0.84756,1.3339
2010-11-29,1.3132,1.3599,0.84269,1.3131
2010-12-06,1.326,1.3437,0.84119,1.3053
2010-12-13,1.3312,1.3412,0.84902,1.2863
2010-12-20,1.3115,1.3132,0.8487,1.2597
2010-12-27,1.3222,1.3068,0.85612,1.252
2011-01-03,1.3207,1.3159,0.85023,1.2588
2011-01-10,1.3074,1.32,0.83464,1.2671
2011-01-17,1.3436,1.3492,0.84138,1.2903
2011-01-24,1.3655,1.3747,0.85946,1.2933
2011-01-31,1.3725,1.3615,0.85245,1.2942
2011-02-07,1.3593,1.3485,0.84646,1.3081
2011-02-14,1.3529,1.3483,0.83996,1.3042
2011-02-21,1.372,1.3621,0.84817,1.2841
2011-02-28,1.3855,1.3638,0.85187,1.2866
2011-03-07,1.3889,1.3778,0.85965,1.2917
2011-03-14,1.3983,1.4095,0.86837,1.2767
2011-03-21,1.4157,1.3971,0.87226,1.2831
2011-03-28,1.4107,1.3698,0.88076,1.2984
2011-04-04,1.4278,1.3704,0.87763,1.312
2011-04-11,1.445,1.3749,0.88563,1.2983
2011-04-18,1.4419,1.3592,0.88088,1.2864
2011-04-25,1.4735,1.3575,0.88851,1.2884
2011-05-02,1.4763,1.367,0.89372,1.2772
2011-05-09,1.4309,1.3328,0.8752,1.2626
2011-05-16,1.4209,1.3395,0.87688,1.2547
2011-05-23,1.4122,1.3358,0.86903,1.2335
2011-05-30,1.4403,1.3484,0.87733,1.2194
2011-06-06,1.4591,1.3701,0.89069,1.2226
2011-06-13,1.429,1.3482,0.87984,1.2073
2011-06-20,1.4287,1.3536,0.88749,1.2028
2011-06-27,1.4366,1.3566,0.89825,1.2021
2011-07-04,1.4354,1.3395,0.89601,1.215
2011-07-11,1.409,1.3201,0.88082,1.1642
2011-07-18,1.4205,1.3242,0.87882,1.1645
2011-07-25,1.4363,1.3104,0.87934,1.1527
2011-08-01,1.4254,1.3286,0.87288,1.104
2011-08-08,1.425,1.3853,0.87571,1.0675
2011-08-15,1.438,1.3753,0.87467,1.1336
2011-08-22,1.4427,1.3759,0.87872,1.1416
2011-08-29,1.4376,1.3478,0.88279,1.1576
2011-09-05,1.4024,1.3257,0.87456,1.19
2011-09-12,1.3717,1.3312,0.86749,1.2049
2011-09-19,1.3573,1.3509,0.87182,1.2161
2011-09-26,1.3566,1.3799,0.86969,1.2204
2011-10-03,1.331,1.3837,0.86214,1.2251
2011-10-10,1.37,1.3595,0.87302,1.2359
2011-10-17,1.3777,1.3429,0.87238,1.2362
2011-10-24,1.398,1.3297,0.87335,1.223
2011-10-31,1.3797,1.3252,0.86214,1.2181
2011-11-07,1.3686,1.3356,0.85572,1.2344
2011-11-14,1.3546,1.3381,0.85528,1.2384
2011-11-21,1.3396,1.3691,0.86049,1.231
2011-11-28,1.3421,1.325,0.85739,1.2293
2011-12-05,1.3401,1.308,0.85584,1.2377
2011-12-12,1.3102,1.3061,0.84263,1.2304
2011-12-19,1.3054,1.2968,0.8349,1.2205
2011-12-26,1.2993,1.2801,0.83475,1.2187
2012-01-02,1.2901,1.2554,0.8309,1.218
2012-01-09,1.2752,1.2375,0.82837,1.2121
2012-01-16,1.2821,1.2336,0.83225,1.2085
2012-01-23,1.305,1.2356,0.83555,1.207
2012-01-30,1.3143,1.2332,0.83239,1.2048
2012-02-06,1.3181,1.2256,0.83324,1.2094
2012-02-13,1.3131,1.2243,0.83417,1.2079
2012-02-20,1.3286,1.2415,0.84225,1.2064
2012-02-27,1.3363,1.241,0.84088,1.2053
2012-03-05,1.3185,1.241,0.83534,1.2054
2012-03-12,1.3082,1.2448,0.83386,1.2078
2012-03-19,1.3196,1.2625,0.83304,1.2059
2012-03-26,1.3315,1.276,0.83596,1.2054
2012-04-02,1.3211,1.2796,0.82908,1.2036
2012-04-09,1.3136,1.2692,0.82559,1.202
2012-04-16,1.3105,1.2654,0.82022,1.2023
2012-04-23,1.3188,1.2746,0.81662,1.2017
2012-04-30,1.315,1.2748,0.81205,1.2016
2012-05-07,1.2983,1.2837,0.80459,1.2012
2012-05-14,1.2769,1.2841,0.80087,1.2011
2012-05-21,1.2656,1.2903,0.80437,1.2011
2012-05-28,1.245,1.2743,0.80043,1.2012
2012-06-04,1.2483,1.2699,0.80827,1.201
2012-06-11,1.2543,1.2592,0.80779,1.201
2012-06-18,1.263,1.2465,0.80567,1.2009
2012-06-25,1.249,1.2398,0.8016,1.2014
2012-07-02,1.2506,1.2179,0.80099,1.2013
2012-07-09,1.224,1.2013,0.78999,1.201
2012-07-16,1.2236,1.1851,0.78318,1.201
2012-07-23,1.2181,1.1785,0.78145,1.201
2012-07-30,1.2284,1.168,0.78583,1.2015
2012-08-06,1.2343,1.1694,0.79008,1.2012
2012-08-13,1.2317,1.1736,0.78437,1.201
2012-08-20,1.2447,1.1912,0.78807,1.201
2012-08-27,1.2556,1.2116,0.79306,1.201
2012-09-03,1.2614,1.23,0.79279,1.2042
2012-09-10,1.2893,1.2339,0.80162,1.2108
2012-09-17,1.3017,1.2452,0.8024,1.2113
2012-09-24,1.2899,1.2396,0.79603,1.2092
2012-10-01,1.2933,1.2588,0.80139,1.2107
2012-10-08,1.2938,1.2637,0.8066,1.2102
2012-10-15,1.3058,1.2652,0.81066,1.2093
2012-10-22,1.2982,1.2568,0.80851,1.2096
2012-10-29,1.2936,1.2467,0.80439,1.2079
2012-11-05,1.2751,1.2262,0.79861,1.2063
2012-11-12,1.2732,1.2258,0.80243,1.2045
2012-11-19,1.2836,1.2357,0.80587,1.2046
2012-11-26,1.2959,1.2407,0.80925,1.2044
2012-12-03,1.3038,1.2454,0.81075,1.2108
2012-12-10,1.3024,1.2375,0.80822,1.2094
2012-12-17,1.3219,1.2593,0.81394,1.2083
2012-12-24,1.3222,1.273,0.81812,1.2077
2012-12-31,1.3142,1.2578,0.81329,1.2086
2013-01-07,1.3114,1.2454,0.81633,1.2106
2013-01-14,1.3327,1.2649,0.83257,1.2372
2013-01-21,1.3358,1.2713,0.84293,1.241
2013-01-28,1.3522,1.2985,0.85702,1.2395
2013-02-04,1.3505,1.3041,0.85873,1.2318
2013-02-11,1.3392,1.2989,0.86016,1.2317
2013-02-18,1.3289,1.2887,0.86491,1.2315
2013-02-25,1.3121,1.281,0.86679,1.2221
2013-03-04,1.3035,1.273,0.86484,1.2301
2013-03-11,1.301,1.2602,0.86943,1.2336
2013-03-18,1.2935,1.2435,0.85434,1.222
2013-03-25,1.2842,1.229,0.84784,1.2198
2013-04-01,1.2858,1.2305,0.84796,1.216
2013-04-08,1.3064,1.2438,0.85184,1.2181
2013-04-15,1.31,1.2649,0.85606,1.216
2013-04-22,1.3022,1.267,0.84925,1.2263
2013-04-29,1.3122,1.2743,0.8445,1.2249
2013-05-06,1.3096,1.2884,0.84457,1.2334
2013-05-13,1.2915,1.3087,0.84578,1.2442
2013-05-20,1.2894,1.3238,0.8525,1.2497
2013-05-27,1.2956,1.3448,0.85544,1.2472
2013-06-03,1.3109,1.3671,0.85181,1.2371
2013-06-10,1.3275,1.3975,0.85071,1.2327
2013-06-17,1.3299,1.4146,0.85347,1.2305
2013-06-24,1.3071,1.412,0.85165,1.2287
2013-07-01,1.2976,1.4196,0.85674,1.2331
2013-07-08,1.292,1.414,0.86248,1.242
2013-07-15,1.3096,1.4282,0.8636,1.2367
2013-07-22,1.3211,1.4326,0.86118,1.2369
2013-07-29,1.3254,1.4655,0.86896,1.2336
2013-08-05,1.3315,1.4784,0.86258,1.2321
2013-08-12,1.329,1.4527,0.85582,1.2376
2013-08-19,1.336,1.4771,0.85498,1.2338
2013-08-26,1.3309,1.4868,0.85829,1.2311
2013-09-02,1.3174,1.4479,0.84479,1.2352
2013-09-09,1.3257,1.4326,0.84148,1.2376
2013-09-16,1.3425,1.4285,0.83992,1.2356
2013-09-23,1.3504,1.4404,0.84178,1.2292
2013-09-30,1.3552,1.4448,0.83819,1.2253
2013-10-07,1.3552,1.434,0.84597,1.2297
2013-10-14,1.3593,1.4215,0.84666,1.2341
2013-10-21,1.3735,1.4261,0.85026,1.2333
2013-10-28,1.3691,1.4396,0.85251,1.2338
2013-11-04,1.3463,1.4168,0.83871,1.2308
2013-11-11,1.3427,1.44,0.83951,1.233
2013-11-18,1.3507,1.4484,0.83687,1.2319
2013-11-25,1.3572,1.4883,0.83441,1.231
2013-12-02,1.3592,1.4967,0.83005,1.2274
2013-12-09,1.3748,1.5166,0.83955,1.222
2013-12-16,1.3719,1.5421,0.83985,1.2231
2013-12-23,1.3733,1.5385,0.83679,1.2245
2013-12-30,1.3716,1.5381,0.83219,1.2288
2014-01-06,1.3607,1.5261,0.82858,1.2356
2014-01-13,1.3622,1.5286,0.83034,1.2342
2014-01-20,1.3597,1.5467,0.82399,1.2322
2014-01-27,1.3601,1.5529,0.82303,1.2251
2014-02-03,1.3526,1.5189,0.82946,1.2225
2014-02-10,1.3654,1.5171,0.82516,1.2231
2014-02-17,1.3718,1.5228,0.82222,1.2211
2014-02-24,1.3737,1.53,0.82356,1.2183
2014-03-03,1.3781,1.5301,0.82425,1.2174
2014-03-10,1.3889,1.539,0.83508,1.2162
2014-03-17,1.3853,1.5258,0.83642,1.2171
2014-03-24,1.3774,1.4976,0.83174,1.2197
2014-03-31,1.3769,1.4899,0.82836,1.2201
2014-04-07,1.3806,1.4762,0.82627,1.2185
2014-04-14,1.3831,1.475,0.82518,1.2165
2014-04-21,1.3826,1.4864,0.82256,1.2202
2014-04-28,1.385,1.4942,0.82235,1.2192
2014-05-05,1.3896,1.4877,0.82107,1.2179
2014-05-12,1.3708,1.4626,0.81536,1.221
2014-05-19,1.3678,1.477,0.81155,1.2218
2014-05-26,1.362,1.4705,0.8122,1.2214
2014-06-02,1.3618,1.4672,0.81234,1.2204
2014-06-09,1.3553,1.4444,0.80523,1.2182
2014-06-16,1.3574,1.4475,0.79893,1.2177
2014-06-23,1.3611,1.4471,0.80038,1.2167
2014-06-30,1.3647,1.4509,0.7969,1.2148
2014-07-07,1.3597,1.449,0.79448,1.2151
2014-07-14,1.3564,1.4467,0.79249,1.2146
2014-07-21,1.3475,1.4317,0.79122,1.215
2014-07-28,1.3407,1.4343,0.79271,1.216
2014-08-04,1.3381,1.4387,0.79493,1.2156
2014-08-11,1.3371,1.4388,0.79931,1.2129
2014-08-18,1.331,1.4297,0.8001,1.2105
2014-08-25,1.3187,1.4127,0.7951,1.2072
2014-09-01,1.3072,1.4007,0.79397,1.2068
2014-09-08,1.2927,1.4077,0.7993,1.2078
2014-09-15,1.2908,1.4333,0.79251,1.2088
2014-09-22,1.2801,1.4467,0.7832,1.2072
2014-09-29,1.2627,1.446,0.78117,1.2076
2014-10-06,1.2644,1.4409,0.78649,1.2113
2014-10-13,1.2713,1.4545,0.79414,1.2073
2014-10-20,1.2711,1.4453,0.79028,1.2064
2014-10-27,1.2657,1.4337,0.78752,1.206
2014-11-03,1.2479,1.4426,0.78332,1.2047
2014-11-10,1.2454,1.434,0.78848,1.2022
2014-11-17,1.2501,1.4398,0.79779,1.2016
2014-11-24,1.2454,1.4565,0.79255,1.2025
2014-12-01,1.2379,1.4696,0.78934,1.2031
2014-12-08,1.2379,1.493,0.78992,1.2018
2014-12-15,1.2395,1.5111,0.7909,1.2024
2014-12-22,1.223,1.5046,0.78603,1.2031
2014-12-29,1.2135,1.4878,0.78135,1.2026
2015-01-05,1.1848,1.4616,0.78204,1.2012
2015-01-12,1.1731,1.4334,0.7724,1.1288
2015-01-19,1.1519,1.4168,0.76178,0.99926
2015-01-26,1.1303,1.4353,0.74833,1.0253
2015-02-02,1.1398,1.4646,0.75073,1.0554
2015-02-09,1.1319,1.4602,0.74016,1.0497
2015-02-16,1.1376,1.4578,0.73908,1.0696
2015-02-23,1.1306,1.4444,0.73206,1.0727
2015-03-02,1.111,1.4221,0.726,1.071
2015-03-09,1.0672,1.3909,0.71186,1.0667
2015-03-16,1.0647,1.3913,0.71997,1.061
2015-03-23,1.0935,1.3927,0.73392,1.0509
2015-03-30,1.0797,1.4202,0.73005,1.0432
2015-04-06,1.0763,1.4011,0.72655,1.0428
2015-04-13,1.0644,1.3888,0.71976,1.0332
2015-04-20,1.0752,1.3852,0.71681,1.0316
2015-04-27,1.0992,1.3886,0.7185,1.0452
2015-05-04,1.1205,1.4148,0.7362,1.0382
2015-05-11,1.127,1.4076,0.71952,1.0412
2015-05-18,1.1197,1.412,0.71765,1.0428
2015-05-25,1.0927,1.4147,0.7116,1.0343
2015-06-01,1.1128,1.4431,0.72763,1.0436
2015-06-08,1.1228,1.4577,0.72934,1.0483
2015-06-15,1.1283,1.4561,0.71774,1.0468
2015-06-22,1.1234,1.4547,0.71274,1.0457
2015-06-29,1.1117,1.4571,0.70989,1.0444
2015-07-06,1.104,1.4813,0.71428,1.0447
2015-07-13,1.0969,1.4776,0.70416,1.0435
2015-07-20,1.0912,1.4823,0.70106,1.0479
2015-07-27,1.1007,1.5116,0.7061,1.0615
2015-08-03,1.0927,1.4863,0.70167,1.0669
2015-08-10,1.109,1.5069,0.71118,1.0849
2015-08-17,1.1133,1.5172,0.71064,1.0786
2015-08-24,1.1391,1.5876,0.73078,1.0793
2015-08-31,1.1215,1.5951,0.73265,1.0852
2015-09-07,1.118,1.5937,0.7274,1.0928
2015-09-14,1.1317,1.5784,0.73062,1.0951
2015-09-21,1.1189,1.5856,0.72995,1.09
2015-09-28,1.1178,1.5912,0.73706,1.0917
2015-10-05,1.1268,1.5677,0.73864,1.0922
2015-10-12,1.1391,1.56,0.74104,1.0884
2015-10-19,1.1291,1.5568,0.73055,1.084
2015-10-26,1.1021,1.5402,0.7199,1.0871
2015-11-02,1.0938,1.5281,0.7132,1.0846
2015-11-09,1.0739,1.5157,0.70839,1.0784
2015-11-16,1.0687,1.497,0.70184,1.0834
2015-11-23,1.0612,1.4706,0.70323,1.0854
2015-11-30,1.0673,1.463,0.70932,1.0883
2015-12-07,1.0904,1.5062,0.72316,1.0821
2015-12-14,1.0917,1.5184,0.72655,1.08
2015-12-21,1.0921,1.5116,0.73331,1.081
2015-12-28,1.0932,1.5008,0.73684,1.0833
2016-01-04,1.0823,1.5273,0.7391,1.0864
2016-01-11,1.0869,1.5596,0.75332,1.0909
2016-01-18,1.0874,1.5707,0.76475,1.094
2016-01-25,1.0873,1.5463,0.76118,1.1051
2016-02-01,1.1029,1.5493,0.76172,1.1126
2016-02-08,1.1243,1.5915,0.77798,1.1005
2016-02-15,1.1132,1.5592,0.77495,1.1021
2016-02-22,1.1008,1.5282,0.78566,1.0941
2016-02-29,1.0897,1.5035,0.77742,1.0871
2016-03-07,1.098,1.4702,0.77301,1.0956
2016-03-14,1.1176,1.4835,0.78118,1.0952
2016-03-21,1.1202,1.4802,0.78754,1.0893
2016-03-28,1.1334,1.484,0.79019,1.0926
2016-04-04,1.1362,1.5043,0.80433,1.0891
2016-04-11,1.1324,1.4794,0.79685,1.0887
2016-04-18,1.1329,1.4571,0.78977,1.0951
2016-04-25,1.1323,1.4785,0.77692,1.0986
2016-05-02,1.1487,1.5295,0.78869,1.1011
2016-05-09,1.1383,1.5525,0.78872,1.1064
2016-05-16,1.1267,1.5517,0.77606,1.1087
2016-05-23,1.1173,1.5516,0.76419,1.1075
2016-05-30,1.1162,1.5431,0.76858,1.1054
2016-06-06,1.1344,1.5286,0.78313,1.0955
2016-06-13,1.123,1.5228,0.79191,1.0833
2016-06-20,1.1277,1.5053,0.77654,1.085
2016-06-27,1.108,1.4913,0.8303,1.0827
2016-07-04,1.1101,1.4795,0.84906,1.0834
2016-07-11,1.11,1.4558,0.83871,1.0896
2016-07-18,1.1026,1.4685,0.83726,1.0872
2016-07-25,1.1035,1.4699,0.83975,1.087
2016-08-01,1.117,1.4678,0.84435,1.083
2016-08-08,1.1132,1.4486,0.85597,1.089
2016-08-15,1.128,1.472,0.86597,1.0862
2016-08-22,1.1299,1.4814,0.85677,1.0902
2016-08-29,1.1162,1.4799,0.84752,1.0956
2016-09-05,1.1223,1.4685,0.84053,1.0925
2016-09-12,1.1234,1.4975,0.84943,1.0937
2016-09-19,1.119,1.4726,0.85953,1.0907
2016-09-26,1.1218,1.467,0.8639,1.0886
2016-10-03,1.1187,1.4676,0.88338,1.0943
2016-10-10,1.106,1.4589,0.90127,1.0919
2016-10-17,1.0966,1.433,0.89655,1.0858
2016-10-24,1.0907,1.4299,0.89308,1.084
2016-10-31,1.1045,1.4418,0.8955,1.0798
2016-11-07,1.0984,1.4348,0.88215,1.0771
2016-11-14,1.0718,1.4317,0.86201,1.0737
2016-11-21,1.0598,1.4315,0.85305,1.073
2016-11-28,1.0614,1.4281,0.84754,1.0764
2016-12-05,1.0697,1.4348,0.84481,1.0815
2016-12-12,1.0542,1.4171,0.83768,1.0749
2016-12-19,1.0419,1.441,0.84456,1.07
2016-12-26,1.046,1.4531,0.85336,1.073
2017-01-02,1.0475,1.4434,0.85148,1.071
2017-01-09,1.0585,1.4286,0.86943,1.073
2017-01-16,1.0648,1.4138,0.86916,1.0717
2017-01-23,1.0717,1.4188,0.85627,1.0716
2017-01-30,1.0745,1.413,0.85708,1.068
2017-02-06,1.0675,1.397,0.85595,1.0661
2017-02-13,1.0622,1.3828,0.85163,1.0654
2017-02-20,1.057,1.3759,0.84717,1.0649
2017-02-27,1.0559,1.383,0.8561,1.0657
2017-03-06,1.0576,1.3993,0.86733,1.0716
2017-03-13,1.0676,1.4006,0.87114,1.0717
2017-03-20,1.079,1.4058,0.86642,1.072
2017-03-27,1.0785,1.4114,0.86195,1.0702
2017-04-03,1.0657,1.4086,0.85511,1.0692
2017-04-10,1.0607,1.4112,0.85067,1.0686
2017-04-17,1.0712,1.4227,0.83861,1.0689
2017-04-24,1.0889,1.451,0.84711,1.0824
2017-05-01,1.093,1.4684,0.84609,1.0836
2017-05-08,1.0889,1.4762,0.84365,1.0936
2017-05-15,1.1091,1.4933,0.85562,1.0924
2017-05-22,1.1212,1.5004,0.86575,1.0909
2017-05-29,1.1204,1.5089,0.8715,1.0895
2017-06-05,1.1226,1.4931,0.87132,1.0854
2017-06-12,1.1195,1.4788,0.87935,1.0868
2017-06-19,1.1169,1.4739,0.87889,1.086
2017-06-26,1.1333,1.4859,0.8813,1.0908
2017-07-03,1.137,1.494,0.87949,1.0961
2017-07-10,1.1415,1.4887,0.88377,1.1027
2017-07-17,1.1535,1.4589,0.8867,1.1024
2017-07-24,1.1682,1.4684,0.89313,1.1165
2017-07-31,1.1819,1.4841,0.89777,1.1445
2017-08-07,1.1768,1.4904,0.9048,1.1382
2017-08-14,1.1738,1.4891,0.91031,1.1369
2017-08-21,1.1789,1.4905,0.91849,1.1377
2017-08-28,1.1927,1.5034,0.92317,1.1417
2017-09-04,1.1951,1.4926,0.91539,1.1404
2017-09-11,1.1951,1.4892,0.89612,1.1464
2017-09-18,1.1959,1.4964,0.8839,1.1541
2017-09-25,1.1796,1.4989,0.87818,1.1476
2017-10-02,1.1747,1.5027,0.88933,1.145
2017-10-09,1.1808,1.5148,0.89506,1.1526
2017-10-16,1.1793,1.5017,0.89324,1.1541
2017-10-23,1.1729,1.5172,0.88984,1.1639
2017-10-30,1.1633,1.5159,0.88166,1.1629
2017-11-06,1.1605,1.5133,0.88367,1.1582
2017-11-13,1.1761,1.5468,0.89416,1.1658
2017-11-20,1.1795,1.5536,0.88875,1.1638
2017-11-27,1.188,1.5651,0.88661,1.169
2017-12-04,1.1811,1.5593,0.87967,1.1684
2017-12-11,1.179,1.551,0.88128,1.167
2017-12-18,1.1835,1.5407,0.88472,1.1691
2017-12-25,1.1941,1.5331,0.88695,1.1726
2018-01-01,1.205,1.5378,0.88895,1.1744
2018-01-08,1.201,1.5304,0.88682,1.1737
2018-01-15,1.224,1.5348,0.88609,1.1775
2018-01-22,1.2337,1.534,0.87494,1.1718
2018-01-29,1.2442,1.544,0.8783,1.1596
2018-02-05,1.2326,1.5698,0.88476,1.1567
2018-02-12,1.238,1.5704,0.88808,1.1522
2018-02-19,1.2327,1.5685,0.88301,1.1523
2018-02-26,1.2264,1.5735,0.88495,1.1524
2018-03-05,1.2369,1.5864,0.89221,1.1655
2018-03-12,1.2338,1.5713,0.88521,1.1693
2018-03-19,1.2307,1.5975,0.87439,1.1704
2018-03-26,1.2376,1.6072,0.87571,1.1771
2018-04-02,1.227,1.5962,0.87446,1.1786
2018-04-09,1.2338,1.594,0.86955,1.1833
2018-04-16,1.2361,1.5933,0.86887,1.1942
2018-04-23,1.2175,1.6042,0.87458,1.1961
2018-04-30,1.2012,1.596,0.88104,1.1958
2018-05-07,1.1893,1.588,0.87839,1.1921
2018-05-14,1.1848,1.5763,0.87647,1.1852
2018-05-21,1.1733,1.553,0.87659,1.1658
2018-05-28,1.164,1.5419,0.87494,1.1533
2018-06-04,1.1753,1.5393,0.8772,1.1575
2018-06-11,1.1734,1.5509,0.87914,1.1604
2018-06-18,1.1582,1.5668,0.87652,1.1524
2018-06-25,1.1646,1.5762,0.883,1.1551
2018-07-02,1.1676,1.5796,0.88403,1.1588
2018-07-09,1.1708,1.5781,0.88383,1.1659
2018-07-16,1.1659,1.58,0.88971,1.1642
2018-07-23,1.1691,1.5788,0.88977,1.161
2018-07-30,1.1664,1.5767,0.89105,1.1571
2018-08-06,1.1557,1.5635,0.89693,1.1498
2018-08-13,1.1378,1.567,0.89367,1.1312
2018-08-20,1.1541,1.5766,0.89845,1.1384
2018-08-27,1.1669,1.5989,0.90209,1.1372
2018-09-03,1.16,1.6145,0.89929,1.1262
2018-09-10,1.1608,1.6252,0.89133,1.1272
2018-09-17,1.1713,1.6185,0.88928,1.1265
2018-09-24,1.1714,1.6174,0.89133,1.1344
2018-10-01,1.1541,1.616,0.88752,1.1404
2018-10-08,1.1512,1.624,0.87654,1.1418
2018-10-15,1.1535,1.617,0.87889,1.1439
2018-10-22,1.1424,1.6146,0.88395,1.1405
2018-10-29,1.1376,1.5951,0.8857,1.1404
2018-11-05,1.1411,1.5735,0.87293,1.1442
2018-11-12,1.1295,1.5619,0.87655,1.1385
2018-11-19,1.1402,1.5705,0.88835,1.1345
2018-11-26,1.1344,1.5596,0.88727,1.1316
2018-12-03,1.1363,1.5577,0.89022,1.132
2018-12-10,1.1361,1.5767,0.90058,1.1274
2018-12-17,1.1398,1.5924,0.90095,1.1301
2018-12-24,1.1413,1.6187,0.90128,1.1273
2018-12-31,1.14,1.6242,0.8998,1.1246
2019-01-07,1.1482,1.6013,0.89963,1.1258
2019-01-14,1.1416,1.589,0.88653,1.1287
2019-01-21,1.1354,1.593,0.87436,1.1319
2019-01-28,1.1446,1.5866,0.87286,1.1378
2019-02-04,1.1391,1.591,0.87718,1.1393
2019-02-11,1.1288,1.5899,0.87751,1.1363
2019-02-18,1.1329,1.5888,0.87164,1.1353
2019-02-25,1.138,1.5925,0.86038,1.1355
2019-03-04,1.1293,1.6011,0.85978,1.1346
2019-03-11,1.1285,1.5977,0.85782,1.136
2019-03-18,1.135,1.5975,0.86006,1.1321
2019-03-25,1.1266,1.5864,0.85494,1.1204
2019-04-01,1.1226,1.5791,0.85681,1.1205
2019-04-08,1.1277,1.5784,0.86212,1.1285
2019-04-15,1.1292,1.574,0.8644,1.1375
2019-04-22,1.1178,1.5866,0.86442,1.1406
2019-04-29,1.1184,1.5912,0.86076,1.1404
2019-05-06,1.1202,1.6011,0.85916,1.1399
2019-05-13,1.1206,1.6184,0.8699,1.1298
2019-05-20,1.1165,1.6198,0.87986,1.1246
2019-05-27,1.1166,1.6136,0.88339,1.1234
2019-06-03,1.1245,1.6122,0.88644,1.1174
2019-06-10,1.13,1.6292,0.89036,1.1221
2019-06-17,1.125,1.6343,0.89242,1.1163
2019-06-24,1.1379,1.63,0.89507,1.1111
2019-07-01,1.1298,1.6121,0.89669,1.1134
2019-07-08,1.1236,1.6138,0.89821,1.112
2019-07-15,1.123,1.5969,0.89992,1.1068
2019-07-22,1.1156,1.5959,0.89507,1.1003
2019-07-29,1.1113,1.6195,0.91275,1.1007
2019-08-05,1.1192,1.651,0.922,1.0911
2019-08-12,1.1166,1.6504,0.92203,1.0862
2019-08-19,1.1086,1.6367,0.91271,1.0883
2019-08-26,1.1082,1.6415,0.90632,1.0886
2019-09-02,1.1002,1.6231,0.90235,1.0869
2019-09-09,1.1027,1.6052,0.89144,1.0926
2019-09-16,1.1041,1.6172,0.88602,1.0962
2019-09-23,1.0969,1.62,0.88489,1.0867
2019-09-30,1.0928,1.6258,0.88867,1.0913
2019-10-07,1.1007,1.6287,0.89295,1.0944
2019-10-14,1.1064,1.6317,0.86975,1.0989
2019-10-21,1.1132,1.6254,0.86258,1.101
2019-10-28,1.1116,1.6184,0.86199,1.1028
2019-11-04,1.1094,1.6086,0.86223,1.1006
2019-11-11,1.1019,1.6151,0.85725,1.0925
2019-11-18,1.1069,1.6254,0.85629,1.0982
2019-11-25,1.1005,1.6237,0.85417,1.0991
2019-12-02,1.1073,1.6214,0.8479,1.0966
2019-12-09,1.1108,1.6204,0.84116,1.0944
2019-12-16,1.1127,1.6195,0.84685,1.0919
2019-12-23,1.1103,1.6008,0.85457,1.0879
2019-12-30,1.1191,1.6006,0.85058,1.0858
2020-01-06,1.1136,1.6178,0.85072,1.0824
2020-01-13,1.1132,1.613,0.85527,1.0761
2020-01-20,1.1083,1.6158,0.84712,1.0737
2020-01-27,1.1022,1.6357,0.8438,1.0701
2020-02-03,1.1022,1.6392,0.84731,1.0702
2020-02-10,1.0895,1.6219,0.83919,1.0657
2020-02-17,1.0808,1.6225,0.83344,1.0621
2020-02-24,1.0895,1.6588,0.84385,1.061
2020-03-02,1.1177,1.6945,0.86962,1.064
2020-03-09,1.1305,1.7491,0.8803,1.0587
2020-03-16,1.0916,1.8383,0.91589,1.0547
2020-03-23,1.0882,1.8253,0.91533,1.0596
2020-03-30,1.0923,1.8003,0.88318,1.0564
2020-04-06,1.0854,1.7602,0.87852,1.0564
2020-04-13,1.0904,1.7198,0.87195,1.0527
2020-04-20,1.0827,1.7082,0.87616,1.0519
2020-04-27,1.0862,1.6696,0.87156,1.0568
2020-05-04,1.0844,1.6842,0.87445,1.0532
2020-05-11,1.0829,1.6726,0.88225,1.0518
2020-05-18,1.0929,1.6709,0.8951,1.0591
2020-05-25,1.1006,1.6617,0.89561,1.0655
2020-06-01,1.1213,1.6316,0.89391,1.0774
2020-06-08,1.1321,1.6302,0.89315,1.0757
2020-06-15,1.1245,1.6342,0.898,1.0678
2020-06-22,1.1245,1.6308,0.90402,1.0661
2020-06-29,1.1238,1.6298,0.90712,1.0642
2020-07-06,1.1304,1.6244,0.89961,1.0634
2020-07-13,1.1398,1.6317,0.90642,1.074
2020-07-20,1.1529,1.6255,0.90787,1.0744
2020-07-27,1.1759,1.6433,0.90603,1.0775
2020-08-03,1.1801,1.6463,0.90204,1.0776
2020-08-10,1.1793,1.6482,0.90204,1.0765
2020-08-17,1.1862,1.6469,0.90255,1.0776
2020-08-24,1.1834,1.6361,0.89757,1.0752
2020-08-31,1.1889,1.6227,0.89176,1.0801
2020-09-07,1.1817,1.6262,0.911,1.0796
2020-09-14,1.1853,1.6223,0.91711,1.0761
2020-09-21,1.17,1.6411,0.91561,1.077
2020-09-28,1.1712,1.6411,0.9082,1.0798
2020-10-05,1.1779,1.6435,0.91097,1.0784
2020-10-12,1.1755,1.6449,0.90607,1.0726
2020-10-19,1.1825,1.6666,0.90724,1.0721
2020-10-26,1.1756,1.6603,0.90555,1.0705
2020-11-02,1.176,1.64,0.90186,1.0697
2020-11-09,1.1813,1.6241,0.89558,1.08
2020-11-16,1.1855,1.6237,0.8951,1.0811
2020-11-23,1.1896,1.6189,0.8912,1.0823
2020-11-30,1.2065,1.633,0.90155,1.0829
2020-12-07,1.2119,1.6229,0.9115,1.0778
2020-12-14,1.2199,1.6088,0.90465,1.08
2020-12-21,1.2193,1.6137,0.90813,1.0834
2020-12-28,1.2258,1.6031,0.9037,1.0844
2021-01-04,1.2286,1.5855,0.90289,1.0819
2021-01-11,1.2147,1.5716,0.8932,1.0807
2021-01-18,1.2123,1.5703,0.88881,1.0768
2021-01-25,1.2127,1.5783,0.88576,1.078
2021-02-01,1.2025,1.5789,0.8793,1.0814
2021-02-08,1.2102,1.5672,0.87764,1.0814
2021-02-15,1.2111,1.555,0.86913,1.0818
2021-02-22,1.2154,1.5408,0.86466,1.0985
2021-03-01,1.202,1.5492,0.86382,1.1062
2021-03-08,1.1911,1.5429,0.85718,1.1077
2021-03-15,1.1911,1.539,0.85724,1.106
2021-03-22,1.1844,1.5486,0.8605,1.1058
2021-03-29,1.1749,1.5432,0.85226,1.1075
2021-04-05,1.1864,1.5545,0.86093,1.1036
2021-04-12,1.1944,1.5547,0.86736,1.1018
2021-04-19,1.2041,1.5542,0.86532,1.1025
2021-04-26,1.2091,1.5552,0.86926,1.1033
2021-05-03,1.2038,1.5552,0.8668,1.0975
2021-05-10,1.2132,1.5555,0.8603,1.0959
2021-05-17,1.2194,1.5707,0.86143,1.0973
2021-05-24,1.2209,1.5774,0.86229,1.0964
2021-05-31,1.2183,1.5784,0.86014,1.0972
2021-06-07,1.2168,1.5709,0.85996,1.0911
2021-06-14,1.2036,1.575,0.85838,1.091
2021-06-21,1.1924,1.5777,0.857,1.0957
2021-06-28,1.1878,1.5818,0.859,1.0969
2021-07-05,1.1846,1.5786,0.85701,1.0897
2021-07-12,1.1824,1.5866,0.85346,1.0846
2021-07-19,1.1771,1.6023,0.85985,1.0839
2021-07-26,1.1834,1.6063,0.85257,1.0799
2021-08-02,1.1858,1.6037,0.85195,1.0736
2021-08-09,1.1741,1.5979,0.84769,1.0814
2021-08-16,1.1726,1.6212,0.8533,1.0726
2021-08-23,1.1744,1.6226,0.85645,1.0756
2021-08-30,1.1834,1.6082,0.85848,1.0831
2021-09-06,1.1846,1.6009,0.85703,1.0865
2021-09-13,1.1792,1.6094,0.85256,1.0884
2021-09-20,1.1722,1.6171,0.85752,1.0842
2021-09-27,1.1642,1.6087,0.85904,1.0828
2021-10-04,1.1582,1.5897,0.85117,1.0736
2021-10-11,1.1579,1.5683,0.84703,1.0718
2021-10-18,1.163,1.5575,0.84375,1.0705
2021-10-25,1.1615,1.5459,0.8439,1.0657
2021-11-01,1.1569,1.5543,0.8505,1.0567
2021-11-08,1.1524,1.567,0.8549,1.0573
2021-11-15,1.1349,1.5542,0.84378,1.0513
2021-11-22,1.1251,1.5617,0.84192,1.0471
2021-11-29,1.1317,1.5901,0.84988,1.042
2021-12-06,1.1285,1.5863,0.85352,1.0426
2021-12-13,1.1303,1.5791,0.85105,1.0421
2021-12-20,1.1299,1.5747,0.848,1.0414
2021-12-27,1.1321,1.5627,0.8413,1.037
2022-01-03,1.1313,1.5711,0.83664,1.0382
2022-01-10,1.1387,1.577,0.83453,1.0463
2022-01-17,1.136,1.5758,0.83462,1.0392
2022-01-24,1.1229,1.583,0.83504,1.0365
2022-01-31,1.1298,1.5906,0.83569,1.043
2022-02-07,1.1429,1.5975,0.84302,1.056
2022-02-14,1.1351,1.5838,0.83669,1.0478
2022-02-21,1.1281,1.5643,0.8353,1.0392
2022-02-28,1.1094,1.5231,0.83063,1.0209
2022-03-07,1.0971,1.4968,0.83505,1.0176
2022-03-14,1.1001,1.5107,0.84039,1.0321
2022-03-21,1.1005,1.4744,0.8339,1.0251
2022-03-28,1.1066,1.4744,0.84277,1.0282
2022-04-04,1.0935,1.4517,0.83532,1.0174
2022-04-11,1.0866,1.4617,0.83334,1.0154
2022-04-18,1.0834,1.4678,0.83342,1.0283
2022-04-25,1.0606,1.4828,0.84188,1.0234
2022-05-02,1.055,1.4815,0.8459,1.0325
2022-05-09,1.0492,1.5099,0.85326,1.043
2022-05-16,1.0518,1.5009,0.84733,1.0393
2022-05-23,1.0691,1.5073,0.85155,1.0291
2022-05-30,1.0722,1.4882,0.85212,1.0295
2022-06-06,1.069,1.4895,0.85411,1.0426
2022-06-13,1.0445,1.504,0.85961,1.029
2022-06-20,1.0521,1.519,0.85847,1.0146
2022-06-27,1.0492,1.5245,0.86296,1.0047
2022-07-04,1.0253,1.502,0.85434,0.99368
2022-07-11,1.0054,1.4878,0.84656,0.9862
2022-07-18,1.0193,1.48,0.85175,0.98962
2022-07-25,1.0166,1.4623,0.84217,0.97782
2022-08-01,1.0213,1.4656,0.83899,0.9755
2022-08-08,1.0262,1.4601,0.84517,0.9728
2022-08-15,1.0144,1.4565,0.84426,0.96482
2022-08-22,0.99678,1.4389,0.84433,0.96032
2022-08-29,1.0003,1.4583,0.8601,0.97696
2022-09-05,0.99582,1.4709,0.86425,0.97276
2022-09-12,1.0053,1.4821,0.86881,0.96198
2022-09-19,0.9904,1.4872,0.87594,0.962
2022-09-26,0.96618,1.494,0.89346,0.95188
2022-10-03,0.98454,1.5271,0.8733,0.9718
2022-10-10,0.97164,1.5465,0.87322,0.97002
2022-10-17,0.97786,1.5585,0.87031,0.9811
2022-10-24,0.99446,1.5563,0.86736,0.9906
2022-10-31,0.98788,1.5438,0.86596,0.98832
2022-11-07,1.0058,1.5477,0.87425,0.98686
2022-11-14,1.0364,1.544,0.87398,0.9807
2022-11-21,1.0327,1.5457,0.86268,0.98114
2022-11-28,1.0439,1.5461,0.86176,0.9858
2022-12-05,1.0542,1.5608,0.86174,0.98806
2022-12-12,1.0599,1.565,0.86261,0.9866
2022-12-19,1.0618,1.5857,0.87714,0.98586
2022-12-26,1.0645,1.5746,0.88408,0.98588
2023-01-02,1.0586,1.5593,0.88306,0.98596
2023-01-09,1.075,1.5561,0.88508,0.99694
2023-01-16,1.0827,1.5581,0.88026,0.99626
2023-01-23,1.0873,1.5391,0.88083,1.0021
2023-01-30,1.0911,1.5433,0.88601,1.0008
2023-02-06,1.0734,1.5465,0.88856,0.99026
2023-02-13,1.0694,1.5478,0.886,0.98746
2023-02-20,1.0634,1.5554,0.88199,0.98748
2023-02-27,1.0615,1.5755,0.88333,0.99638
2023-03-06,1.0599,1.5963,0.88749,0.99144
2023-03-13,1.0642,1.5962,0.87795,0.97878
2023-03-20,1.078,1.6135,0.87996,0.99402
2023-03-27,1.0844,1.6241,0.87966,0.99452
2023-04-03,1.0906,1.6218,0.87576,0.99205
2023-04-10,1.0975,1.6354,0.88068,0.9838
2023-04-17,1.0962,1.6323,0.88269,0.98152
2023-04-24,1.1017,1.6619,0.88429,0.98222
2023-05-01,1.1024,1.6475,0.87882,0.982
2023-05-08,1.0954,1.6244,0.86969,0.97748
2023-05-15,1.0841,1.6271,0.86901,0.97396
2023-05-22,1.0774,1.6372,0.86888,0.9713
2023-05-29,1.072,1.6387,0.86266,0.97174
2023-06-05,1.0721,1.6069,0.86061,0.97202
2023-06-12,1.083,1.5924,0.85593,0.97634
2023-06-19,1.0929,1.6143,0.85679,0.97962
2023-06-26,1.0922,1.6424,0.86103,0.97838
2023-07-03,1.0892,1.6344,0.85589,0.9771
2023-07-10,1.1074,1.6422,0.85473,0.96844
2023-07-17,1.1205,1.6504,0.86451,0.96384
2023-07-24,1.1068,1.6418,0.85928,0.95676
2023-07-31,1.0971,1.6625,0.86066,0.96096
2023-08-07,1.0984,1.6788,0.86246,0.96174
2023-08-14,1.0908,1.6913,0.85741,0.9585
2023-08-21,1.085,1.6872,0.85542,0.95606
2023-08-28,1.0842,1.6801,0.8577,0.95686
2023-09-04,1.0738,1.6776,0.85645,0.95514
2023-09-11,1.0712,1.6649,0.85908,0.95704
2023-09-18,1.0672,1.655,0.86488,0.96076
2023-09-25,1.0581,1.6489,0.86717,0.96756
2023-10-02,1.0517,1.6578,0.86621,0.96364
2023-10-09,1.0572,1.6572,0.8637,0.95716
2023-10-16,1.0564,1.6672,0.86857,0.94852
2023-10-23,1.0577,1.6705,0.87122,0.94808
2023-10-30,1.0625,1.6592,0.87189,0.9598
2023-11-06,1.0694,1.6649,0.8703,0.96288
2023-11-13,1.0797,1.6731,0.87298,0.96516
2023-11-20,1.0922,1.6639,0.87149,0.96524
2023-11-27,1.0938,1.6544,0.86486,0.9601
2023-12-04,1.0802,1.6394,0.85713,0.9449
2023-12-11,1.0843,1.6376,0.85883,0.94702
2023-12-18,1.0966,1.6225,0.86476,0.94518
2023-12-25,1.1076,1.6226,0.86932,0.93333
2024-01-01,1.0937,1.625,0.86401,0.9315
2024-01-08,1.0952,1.6359,0.86041,0.9329
2024-01-15,1.0893,1.6521,0.85914,0.94018
2024-01-22,1.0886,1.6511,0.85503,0.9427
2024-01-29,1.0841,1.6478,0.85386,0.93406
2024-02-05,1.0759,1.6539,0.85436,0.93894
2024-02-12,1.0758,1.6519,0.85397,0.94758
2024-02-19,1.0813,1.6481,0.85538,0.9517
2024-02-26,1.0831,1.6617,0.85581,0.95452
2024-03-04,1.0879,1.6597,0.85447,0.95994
2024-03-11,1.092,1.6546,0.85389,0.9602
2024-03-18,1.0864,1.6601,0.85576,0.96826
2024-03-25,1.0829,1.659,0.85706,0.97778
2024-04-01,1.0806,1.6492,0.85696,0.9799
2024-04-08,1.0786,1.642,0.85584,0.97878
2024-04-15,1.0653,1.6553,0.85499,0.97028
2024-04-22,1.0685,1.6456,0.85928,0.97524
2024-04-29,1.072,1.6365,0.8552,0.97665
2024-05-06,1.0759,1.6308,0.8592,0.97666
2024-05-13,1.0827,1.6303,0.85876,0.98124
2024-05-20,1.085,1.631,0.85314,0.99
2024-05-27,1.085,1.6332,0.8515,0.98726
2024-06-03,1.0868,1.6344,0.85115,0.97124
2024-06-10,1.0744,1.6246,0.8436,0.96204
2024-06-17,1.0717,1.6137,0.84522,0.95324
2024-06-24,1.0707,1.6095,0.84575,0.95968
2024-07-01,1.0771,1.6094,0.847,0.97102
2024-07-08,1.0844,1.6067,0.84351,0.97284
2024-07-15,1.0913,1.6198,0.84095,0.97126
2024-07-22,1.0861,1.6478,0.84184,0.96178
2024-07-29,1.0819,1.6572,0.84463,0.95206
2024-08-05,1.093,1.6755,0.85897,0.93682
2024-08-12,1.0976,1.6592,0.85508,0.95134
2024-08-19,1.1099,1.6501,0.85083,0.95078
2024-08-26,1.1123,1.6388,0.84308,0.9411
2024-09-02,1.1069,1.6433,0.84232,0.9395
2024-09-09,1.1043,1.6549,0.84388,0.93768
2024-09-16,1.1142,1.6421,0.84129,0.94266
2024-09-23,1.1152,1.6237,0.83431,0.94508
2024-09-30,1.1084,1.61,0.83603,0.94004
2024-10-07,1.0958,1.6248,0.83765,0.93932
2024-10-14,1.0886,1.6234,0.83449,0.93976
2024-10-21,1.0813,1.6237,0.83274,0.93632
2024-10-28,1.0835,1.6469,0.83497,0.93936
2024-11-04,1.0811,1.6345,0.83516,0.9401
2024-11-11,1.0603,1.6264,0.83108,0.9372
2024-11-18,1.0526,1.62,0.83411,0.93202
2024-11-25,1.053,1.6204,0.83356,0.9314
2024-12-02,1.0526,1.634,0.82901,0.93038
2024-12-09,1.0522,1.6452,0.82658,0.93092
2024-12-16,1.0455,1.6593,0.82705,0.93566
2024-12-23,1.0408,1.6708,0.82966,0.93633
2024-12-30,1.0363,1.6676,0.82995,0.9395
2025-01-06,1.0343,1.6599,0.83383,0.94028
2025-01-13,1.0263,1.6603,0.84294,0.9381
2025-01-20,1.0398,1.6613,0.84498,0.94482
2025-01-27,1.0429,1.6703,0.83798,0.94428
2025-02-03,1.0354,1.659,0.8329,0.93974
2025-02-10,1.0376,1.6504,0.83301,0.9429
2025-02-17,1.0452,1.6423,0.82916,0.94286
2025-02-24,1.0468,1.6595,0.82777,0.93988
2025-03-03,1.0674,1.7011,0.83339,0.9487
2025-03-10,1.0872,1.7263,0.84052,0.95918
2025-03-17,1.0876,1.7199,0.83946,0.95822
2025-03-24,1.0804,1.7129,0.83505,0.95328
2025-03-31,1.0912,1.7453,0.83961,0.95078
2025-04-07,1.1078,1.8149,0.8602,0.9311
2025-04-14,1.1354,1.7872,0.85861,0.92805
2025-04-21,1.1406,1.7845,0.85615,0.93782
2025-04-28,1.1362,1.7733,0.85158,0.9386
2025-05-05,1.1315,1.7549,0.84896,0.93438
2025-05-12,1.1162,1.7396,0.84202,0.9375
2025-05-19,1.1252,1.7504,0.84185,0.938
